Trip_Distance_km;Time_of_Day;Day_of_Week;Passenger_Count;Traffic_Conditions;Weather;Base_Fare;Per_Km_Rate;Per_Minute_Rate;Trip_Duration_Minutes;Trip_Price
19.35;Morning;Weekday;3;Low;Clear;3.56;0.80;0.32;53.82;36.26
47.59;Afternoon;Weekday;1;High;Clear;;0.62;0.43;40.57;
36.87;Evening;Weekend;1;High;Clear;2.70;1.21;0.15;37.27;52.90
30.33;Evening;Weekday;4;Low;;3.48;0.51;0.15;116.81;36.47
;Evening;Weekday;3;High;Clear;2.93;0.63;0.32;22.64;15.62
8.64;Afternoon;Weekend;2;Medium;Clear;2.55;1.71;0.48;89.33;60.20
3.85;Afternoon;Weekday;4;High;Rain;3.51;1.66;;5.05;11.26
43.44;Evening;Weekend;3;;Clear;2.97;1.87;0.23;;101.12
30.45;Morning;Weekday;3;High;Clear;2.77;1.78;0.34;110.33;
35.7;Afternoon;Weekday;2;Low;Rain;3.39;1.52;0.47;;75.57
;Morning;Weekday;4;;Clear;2.40;0.58;0.43;26.34;14.89
48.53;Night;Weekday;3;Low;Clear;4.78;;0.50;79.94;
41.79;Night;Weekend;3;High;Clear;4.60;1.77;0.11;86.95;88.13
11.4;Morning;Weekday;3;;Clear;4.12;;0.15;84.12;36.12
9.91;Evening;Weekday;2;High;Clear;2.32;1.26;0.34;41.72;28.99
9.99;Night;Weekday;4;High;Clear;4.33;0.85;0.43;34.00;27.44
15.91;Morning;Weekday;4;Low;Clear;4.42;1.77;0.21;114.93;56.72
26.71;Afternoon;Weekend;4;Low;Rain;4.30;1.59;0.20;111.18;69.00
22.17;Night;;4;Low;Clear;2.34;1.97;0.41;57.59;69.63
15.27;Morning;;;Low;Clear;3.93;0.73;0.12;;27.35
30.98;Afternoon;Weekend;1;Low;Rain;4.50;0.84;0.25;57.02;44.78
7.84;Morning;Weekday;4;Medium;;3.73;0.82;0.30;53.80;26.30
105.94355;Night;Weekend;2;Low;Rain;3.94;1.69;0.32;23.03;201.87
18.95;Night;Weekday;1;Low;Clear;3.38;0.78;0.39;54.04;39.24
23.35;Night;;3;Low;Rain;3.59;0.60;0.24;66.80;33.63
39.47;Afternoon;Weekday;1;Low;Clear;;;0.35;7.59;83.70
10.78;Evening;;3;High;Rain;3.92;0.54;0.33;56.07;28.24
138.0983279;Evening;Weekend;4;Medium;Rain;2.24;1.75;0.32;94.86;280.88
30.03;;Weekday;1;High;Clear;3.31;1.05;0.36;83.21;64.80
3.28;Evening;Weekday;2;Medium;Clear;2.88;1.76;0.20;78.04;24.26
30.77;Morning;Weekday;1;Low;Clear;3.64;1.33;0.13;109.60;58.81
9.36;Afternoon;Weekday;1;Medium;Clear;2.40;1.85;0.15;7.07;20.78
4.19;Morning;Weekday;1;Low;Clear;4.07;1.89;0.19;69.06;
47.5;Morning;Weekend;;Low;Clear;4.39;0.51;0.30;95.55;57.28
48.32;Morning;Weekday;2;Low;Clear;2.49;0.61;0.44;67.25;61.56
40.61;Afternoon;Weekday;1;Low;Clear;2.31;0.88;0.38;42.25;54.10
15.93;Afternoon;Weekday;2;Low;;2.44;1.50;0.42;20.67;35.02
5.79;Evening;Weekday;4;Low;Clear;4.63;1.83;0.24;107.07;40.92
34.53;Morning;Weekday;3;Medium;Clear;3.58;;0.26;59.14;60.05
22.57;Afternoon;Weekday;1;Low;Clear;3.40;1.41;;105.98;62.78
6.98;Afternoon;Weekend;2;Low;Clear;2.32;0.78;0.18;72.37;20.79
25.26;Evening;Weekday;2;High;Clear;3.95;1.71;0.12;82.53;57.05
2.69;Afternoon;Weekday;4;Low;Clear;4.60;1.95;0.34;97.49;42.99
45.56;Afternoon;Weekday;;Low;Clear;;0.90;0.50;80.80;85.88
13.68;Evening;Weekend;3;High;Clear;3.88;;0.17;50.78;29.48
33.46;Afternoon;Weekend;2;Low;Rain;2.23;0.63;0.12;64.07;31.00
16.27;Morning;Weekday;1;Low;Clear;2.34;;0.41;97.35;64.06
26.48;Morning;Weekend;3;Medium;Clear;2.15;1.25;0.20;47.97;44.84
27.79;Evening;Weekday;2;Low;Clear;2.77;0.72;0.43;49.63;44.12
10.06;Morning;Weekday;2;Medium;Rain;2.41;1.16;0.38;16.00;20.16
48.51;Evening;Weekday;3;High;Rain;;1.00;0.48;110.18;104.18
38.98;Afternoon;Weekday;3;Low;Clear;3.16;1.28;0.26;15.47;57.08
47.04;Night;Weekday;4;Medium;;4.83;1.38;0.36;79.54;98.38
44.85;Evening;Weekend;1;Medium;Rain;3.83;0.51;0.29;52.52;41.93
30.3;Night;Weekend;1;Low;Clear;4.50;1.64;0.35;51.65;72.27
46.17;Afternoon;Weekday;4;Medium;Clear;4.13;1.57;0.28;83.15;99.90
5.34;;Weekday;2;Low;Clear;2.34;;0.18;12.72;10.24
10.6;Afternoon;Weekday;3;Medium;Clear;4.21;;0.30;73.28;32.34
3.22;Afternoon;Weekday;3;Low;Rain;2.83;1.63;0.31;93.78;37.15
16.94;Afternoon;Weekday;3;Medium;Snow;3.92;1.93;0.42;100.24;78.72
20.05;Evening;;2;Low;;3.02;0.86;0.39;24.61;29.86
14.3;Night;Weekday;3;High;Clear;4.99;0.99;0.37;108.20;59.18
41.61;Evening;Weekend;3;Low;Rain;2.79;0.78;0.15;;47.31
18.48;Afternoon;Weekday;4;Medium;Clear;2.84;1.37;0.39;106.41;69.66
146.0670472;Afternoon;Weekday;2;Medium;Clear;4.79;0.73;0.30;60.81;320.96
27.59;Evening;Weekend;1;Medium;Rain;2.07;1.03;0.46;67.33;61.46
7.91;Morning;Weekday;4;Medium;Clear;4.09;1.55;0.47;110.69;68.37
40.31;Morning;Weekday;4;Medium;Clear;4.18;1.34;0.12;108.49;71.21
4.65;Afternoon;Weekday;1;Medium;;4.51;1.08;0.43;56.54;33.84
49.36;Morning;;4;High;Rain;4.92;1.13;0.12;36.56;65.08
38.84;Morning;Weekend;2;Low;Clear;4.93;1.34;0.25;50.21;69.53
10.74;Morning;;3;Medium;Clear;2.20;0.51;0.32;49.59;23.55
1.27;Morning;Weekday;2;High;Clear;4.47;0.62;0.16;37.99;11.34
40.96;Morning;Weekend;1;High;;3.94;1.82;0.40;35.89;92.84
35.64;Night;Weekend;1;High;Rain;3.94;0.62;0.10;104.02;36.44
36.72;;Weekend;;Low;Clear;2.39;1.56;0.17;13.03;61.89
38.79;Afternoon;Weekday;2;Low;Clear;3.95;1.88;0.33;82.93;104.24
4.63;Afternoon;Weekday;;Medium;Clear;4.95;0.91;0.39;24.87;18.86
18.56;Morning;Weekend;1;Medium;Snow;4.74;;0.47;44.62;45.39
6.68;Night;Weekend;2;Medium;Clear;3.32;1.35;0.38;12.08;16.93
43.29;Evening;Weekday;1;Medium;Rain;2.12;1.82;0.37;36.05;94.25
31.54;Morning;Weekday;2;High;Clear;3.09;1.91;0.26;93.37;87.61
17.21;Afternoon;Weekday;2;Low;Rain;4.48;1.61;0.10;106.78;42.87
4.11;Evening;Weekend;2;High;Rain;4.10;0.63;0.15;30.48;11.26
;Night;Weekday;1;Medium;Clear;3.38;1.50;0.31;58.31;45.82
16.93;Afternoon;Weekday;4;Low;Snow;2.17;1.12;0.37;59.09;42.99
36.75;Afternoon;Weekday;2;Medium;Clear;3.28;1.21;0.27;105.46;76.22
;;Weekday;1;Medium;Clear;3.41;0.57;0.39;92.72;57.95
44.47;Night;Weekend;1;Low;Clear;4.79;0.79;0.31;64.00;59.76
24.14;Morning;Weekday;2;Low;;3.92;1.69;;82.14;55.39
6.86;Night;Weekend;2;High;Clear;2.93;1.18;0.18;102.45;29.47
35.95;Afternoon;Weekend;4;Low;Clear;3.58;0.95;0.44;6.10;40.42
38.28;Afternoon;Weekday;1;Medium;Clear;;1.08;0.39;51.33;63.56
28.5;Afternoon;Weekday;1;Medium;Clear;4.92;1.78;0.46;109.33;105.94
38.78;Morning;Weekday;3;Medium;Clear;3.08;1.62;0.15;90.14;
;Morning;Weekend;1;Medium;Clear;3.43;0.91;0.50;67.43;60.08
26.61;Morning;Weekday;4;Low;Rain;3.07;0.68;0.18;65.91;33.03
21.95;Morning;Weekday;3;Medium;Clear;4.05;0.88;0.10;44.99;27.87
2.25;Evening;Weekend;3;Low;Clear;3.99;1.88;0.50;;40.65
6.29;Afternoon;Weekday;3;;Clear;4.15;1.37;0.21;80.37;29.65
2.54;Morning;Weekend;;Low;Clear;2.80;1.30;0.37;53.11;25.75
32.18;Night;Weekday;2;Medium;Rain;2.95;1.39;0.17;87.13;62.49
16.4;Evening;Weekday;1;;Rain;2.38;1.05;0.33;104.04;53.93
25.92;Night;Weekday;3;Low;Clear;3.97;1.71;0.46;22.79;58.78
45.47;Night;Weekend;4;Low;Rain;2.12;1.28;0.23;56.93;73.42
13.22;Morning;Weekday;2;Low;Rain;3.79;0.68;0.37;51.92;31.99
21.11;Afternoon;Weekend;4;High;Rain;4.61;0.69;0.18;84.06;34.31
38.02;Evening;;4;;Clear;;1.31;0.35;33.73;66.28
112.8309583;Afternoon;Weekday;2;High;Snow;3.35;1.90;0.23;78.63;233.01
4.77;Morning;Weekend;2;High;Clear;;0.96;0.18;105.91;
102.7475562;Evening;Weekday;2;Medium;Clear;2.23;1.80;0.23;53.09;274.54
;Morning;Weekday;2;Low;Clear;4.01;1.65;0.17;109.77;37.36
46.56;Morning;Weekday;3;Low;Clear;4.46;0.87;0.46;119.21;99.80
40.6;Afternoon;Weekend;3;Medium;Clear;2.73;0.55;0.26;17.20;29.53
32.04;Afternoon;Weekday;3;Low;Clear;3.26;0.65;0.20;31.80;30.45
43.7;;Weekday;3;Low;Clear;4.52;1.59;0.28;114.29;106.00
40.38;Morning;Weekday;1;Medium;Rain;;0.80;0.23;115.21;63.43
10.14;Evening;Weekday;3;High;Rain;2.73;1.06;0.40;16.24;19.97
44.74;;Weekday;2;Medium;Clear;3.65;1.25;0.49;6.72;62.87
27.43;Morning;Weekend;4;Low;Rain;2.58;1.59;0.28;23.53;52.78
40.56;Evening;Weekend;3;Medium;Rain;2.31;0.67;0.44;119.54;82.08
44.91;Night;Weekday;1;Low;Rain;4.73;1.11;0.33;25.70;63.06
16.58;Evening;;2;Low;Clear;4.46;1.23;0.16;62.79;
6.39;Evening;Weekday;4;High;Clear;4.28;1.31;0.38;102.57;51.63
12.17;Afternoon;Weekend;4;Low;Rain;2.15;1.73;0.31;7.35;25.48
21.93;Afternoon;;3;Low;;4.53;0.76;;74.52;48.02
41.08;Morning;;4;Low;;3.31;1.71;0.46;36.86;90.51
43.18;Afternoon;Weekday;3;High;Clear;3.03;1.54;;104.17;98.69
1.34;;Weekend;3;Medium;Clear;3.64;1.33;0.46;37.60;22.72
26.03;Morning;Weekday;2;Medium;Clear;2.27;1.55;0.40;83.98;76.21
21.45;Evening;Weekday;2;Medium;Clear;4.27;1.12;0.30;82.54;53.06
11.88;Afternoon;Weekday;1;;;3.75;0.71;0.34;30.47;22.54
6.87;Morning;Weekday;2;Medium;Rain;2.56;1.50;0.23;9.00;14.94
17.54;Morning;Weekday;2;Low;Rain;2.56;1.29;0.49;52.06;50.70
;Afternoon;Weekend;3;Low;Clear;2.55;1.46;0.37;38.26;85.62
16.84;Morning;Weekend;2;Medium;Snow;2.17;1.01;0.12;98.03;30.94
26.42;Evening;Weekday;3;High;Clear;3.76;1.86;0.23;97.04;75.22
;;;3;Low;Clear;4.52;1.38;0.35;57.56;73.59
18.82;Afternoon;Weekday;2;Low;Rain;2.05;0.63;0.12;74.75;22.88
48.62;Afternoon;Weekend;1;Low;Rain;2.15;1.17;0.11;74.49;67.23
48.16;;Weekend;1;;Rain;3.72;1.63;0.28;100.12;110.25
109.616082;Afternoon;Weekday;4;High;Clear;4.46;1.69;0.23;53.88;327.22
;Afternoon;Weekend;4;Medium;Rain;2.98;1.24;0.28;36.68;44.71
15.74;Afternoon;Weekday;2;;Clear;3.05;1.84;0.21;35.48;39.46
14.96;Morning;Weekday;1;Medium;Rain;3.79;0.90;0.17;66.66;28.59
2.81;Evening;Weekend;3;Low;Rain;2.82;1.12;0.38;56.65;27.49
30.87;Evening;Weekday;4;Medium;Clear;2.08;1.85;0.31;55.61;76.43
25.63;Afternoon;Weekday;3;Medium;Clear;4.21;;0.18;15.48;54.16
3.52;Evening;Weekday;4;Medium;Rain;3.88;1.53;0.23;87.64;29.42
14.65;Evening;Weekend;2;High;Clear;3.74;1.79;;29.58;40.02
45.51;Evening;Weekday;1;Medium;Clear;4.23;0.63;0.13;27.65;36.50
12.74;Evening;Weekday;4;Low;Rain;4.03;1.80;0.16;52.47;35.36
8.1;Afternoon;Weekend;1;High;Clear;2.62;0.98;0.13;31.19;14.61
24.98;Afternoon;Weekend;3;Low;Rain;3.06;0.77;0.42;72.14;52.59
49.3;Afternoon;Weekday;2;Low;Clear;2.38;0.86;0.40;47.72;63.87
12.86;Evening;Weekday;1;Low;Clear;2.39;1.13;0.40;56.62;39.57
33.93;Morning;Weekday;2;Low;Rain;;0.88;0.39;66.77;59.93
38.32;Evening;Weekday;1;Medium;Clear;4.58;0.98;0.37;28.41;52.65
12.64;Evening;Weekday;3;Medium;Clear;;0.70;0.29;22.91;20.38
36.68;;Weekend;3;High;Rain;3.89;0.94;0.36;106.25;76.62
19.02;Evening;Weekday;2;Medium;Clear;2.55;1.36;0.12;54.88;35.00
31.98;Morning;;3;Medium;Clear;2.32;1.16;0.35;52.39;57.75
32.04;;Weekday;4;Low;Clear;4.44;1.02;0.41;9.10;40.85
27.25;Evening;Weekend;1;Low;Rain;3.74;1.62;0.30;;66.57
5.42;Morning;Weekday;3;Medium;Rain;3.85;1.84;0.24;68.73;30.32
41.93;Evening;Weekend;4;Medium;Rain;4.34;1.64;0.21;69.27;87.65
;Evening;Weekday;2;High;Clear;4.11;1.00;0.36;86.31;51.90
10.14;Afternoon;Weekday;4;Low;Rain;4.50;1.62;0.38;25.41;
3;Morning;Weekday;2;Low;Clear;2.17;0.73;0.45;34.01;19.66
29.95;Morning;Weekday;2;Medium;Clear;4.24;0.70;0.24;98.23;48.78
34.2;;Weekday;1;Low;Clear;4.55;1.02;0.41;113.92;86.14
1.81;Night;Weekday;1;Low;Rain;2.86;1.71;0.32;20.63;12.56
26.09;;Weekday;4;Medium;Rain;3.92;0.87;0.45;62.23;54.62
12.1;Morning;Weekend;;Low;Clear;;0.59;0.31;;19.26
32.61;Afternoon;;1;Medium;Clear;;0.70;0.31;11.91;31.39
9.54;Afternoon;Weekend;1;;Rain;2.10;1.79;0.33;42.43;33.18
34.86;Evening;Weekday;4;Low;Clear;3.74;1.45;0.40;21.52;62.89
19.95;Morning;Weekday;3;Low;;2.50;0.88;0.49;;
46.9;Evening;Weekday;1;High;Clear;4.14;1.33;0.13;66.38;
7.74;Afternoon;Weekday;1;Low;Clear;;1.29;0.12;21.54;15.10
17.71;Night;Weekday;4;Medium;Clear;2.71;1.48;0.48;6.06;31.83
6.56;Afternoon;Weekday;3;Low;Clear;3.48;0.85;0.31;97.94;39.42
46.31;Afternoon;Weekday;1;Medium;Rain;4.74;1.80;0.35;;96.94
43.99;Night;Weekday;2;Low;Clear;2.64;0.96;0.29;74.71;66.54
13.64;Morning;Weekday;4;Medium;Rain;2.43;1.54;0.14;43.75;29.56
33.34;Night;Weekend;1;Medium;Clear;4.28;0.52;0.41;72.33;51.27
41.04;Afternoon;Weekend;1;High;Clear;3.50;1.06;0.40;41.30;63.52
28.2;Morning;Weekend;2;Low;Clear;4.74;1.03;0.22;15.00;37.09
26.95;Afternoon;Weekend;2;Low;Clear;2.44;1.32;0.22;;44.75
12.85;Evening;Weekday;4;Low;Snow;3.94;0.61;;26.63;23.50
5.56;Morning;Weekday;4;High;Clear;;1.69;0.13;54.22;19.15
;Afternoon;Weekend;2;Medium;Clear;2.47;0.83;0.45;80.70;76.10
45.12;Afternoon;Weekday;4;Medium;Clear;;1.52;0.20;35.34;79.70
32.02;Afternoon;Weekday;2;;Clear;3.78;1.70;0.34;6.39;60.39
17.61;Morning;Weekday;1;Low;Clear;4.26;1.34;0.47;64.68;58.26
18.11;Evening;;2;Low;Rain;2.93;1.61;0.37;74.66;59.71
;Night;Weekday;2;High;Clear;3.34;1.49;0.27;115.73;89.08
;Night;Weekend;3;Medium;Clear;3.22;1.03;0.38;72.79;77.19
44.47;Evening;Weekday;2;High;Clear;4.95;1.71;0.24;59.18;95.20
39.21;Morning;Weekday;2;Low;Snow;2.88;0.94;0.21;70.94;54.63
32.46;Evening;Weekend;3;;Clear;2.88;1.36;0.50;111.71;102.88
5.12;Morning;Weekday;4;Medium;Clear;;1.62;0.40;;51.46
8.92;Morning;Weekday;3;Low;Clear;3.69;1.07;0.36;42.14;28.40
45.03;Afternoon;Weekday;1;High;Clear;2.76;0.95;0.24;32.28;53.29
30.72;Afternoon;Weekend;3;;Clear;4.75;1.19;0.12;35.20;45.53
1.45;Evening;Weekend;1;High;Clear;2.80;1.73;;63.01;12.24
5.97;Afternoon;Weekday;4;Medium;Rain;4.69;1.89;0.32;90.57;44.96
33.51;Afternoon;Weekend;3;Low;Clear;2.31;1.32;0.40;62.87;
1.25;;Weekday;3;Low;Rain;3.97;1.49;0.31;12.80;9.80
8.88;Night;Weekend;4;High;Clear;4.72;1.85;0.44;88.21;59.96
27.89;;Weekend;1;Low;Clear;2.51;0.65;0.11;97.69;31.38
34.9;Afternoon;Weekend;3;Medium;Clear;4.90;0.85;0.25;38.29;44.14
32.95;Morning;Weekday;1;Medium;Clear;3.36;1.56;0.19;81.37;
11.99;Evening;Weekend;;Medium;Rain;4.84;1.74;0.28;54.06;40.84
35.9;;Weekend;2;High;Clear;4.03;1.79;0.13;107.25;
12.63;Morning;Weekday;3;Low;;2.90;1.12;0.48;102.20;66.10
16.94;Morning;Weekend;4;Low;Clear;2.56;0.63;0.19;65.42;25.66
37.58;Afternoon;Weekday;4;Low;Snow;2.91;1.16;0.47;84.52;86.23
32.83;Afternoon;Weekend;1;Medium;Clear;;0.85;0.27;106.59;58.96
42.61;Morning;Weekday;3;Low;Rain;2.43;0.94;0.49;62.01;72.87
33.22;Night;Weekend;1;Low;Clear;2.31;1.66;0.32;41.02;70.58
28.85;Morning;;1;High;Clear;3.27;0.61;0.47;91.67;63.95
5.59;Afternoon;Weekday;2;High;Clear;4.39;;0.10;30.31;17.15
19.02;Night;Weekday;2;Low;;2.42;1.14;0.40;49.68;43.97
13.99;Afternoon;Weekday;4;;Clear;2.39;1.39;0.46;104.56;69.93
130.8090013;Afternoon;Weekday;1;High;Clear;3.93;0.63;0.16;88.31;328.87
48.68;Afternoon;Weekday;4;Low;Rain;2.59;1.01;0.14;51.44;58.96
20.26;Morning;Weekday;3;Low;Rain;2.29;0.63;0.27;29.70;23.07
44.71;Night;Weekday;1;Low;Rain;2.50;1.94;0.47;45.94;
31.93;Afternoon;Weekday;1;Medium;Clear;4.77;1.71;0.32;37.67;71.42
39.95;Evening;Weekend;3;Low;Clear;4.46;1.19;0.31;25.25;59.83
25.63;Morning;Weekday;3;High;Clear;3.06;0.84;0.16;;39.07
29.27;Morning;Weekend;4;Medium;Rain;3.97;1.90;0.10;33.99;62.98
25.13;Morning;Weekend;4;Medium;Rain;3.61;1.02;0.42;57.23;53.28
;Afternoon;Weekday;3;Low;Clear;4.03;0.74;0.14;49.37;18.76
36.4;Afternoon;Weekday;4;Medium;Clear;4.05;1.34;;117.94;94.10
14.76;Evening;Weekend;3;Medium;Clear;3.89;1.92;0.47;49.98;55.72
2.19;Afternoon;Weekday;1;Medium;Clear;2.80;0.51;0.18;14.20;6.47
32.63;Night;Weekday;1;Medium;Clear;2.12;0.86;0.37;15.33;35.85
9.68;Morning;Weekday;2;Medium;;3.37;1.91;0.13;72.94;31.34
47.08;Evening;Weekend;1;High;Rain;4.67;0.76;0.34;73.93;65.59
47.74;Evening;Weekday;3;High;Clear;3.71;0.67;0.17;53.16;44.73
45.83;Evening;Weekday;4;Medium;Clear;4.50;1.36;0.39;54.66;88.15
19.14;Evening;Weekend;2;Low;Snow;4.97;1.79;0.22;11.20;41.69
1.76;Evening;Weekend;;Low;Clear;2.49;1.22;0.29;64.40;23.31
46.49;Afternoon;Weekday;3;Low;Clear;4.08;1.99;0.34;63.05;118.03
21.98;Morning;Weekday;1;Medium;Clear;4.02;1.52;0.17;22.20;41.20
48.37;Morning;Weekend;2;Medium;Clear;4.94;0.61;0.40;;41.22
48.22;Night;Weekday;3;Medium;Clear;4.96;1.99;0.22;19.21;105.14
42.8;Afternoon;Weekday;;High;Rain;4.06;1.11;0.36;16.62;57.55
15.43;Evening;Weekday;2;High;Clear;2.73;0.93;0.16;75.12;29.10
19.87;Afternoon;Weekend;1;High;;4.40;1.34;0.38;27.60;41.51
42.71;Morning;Weekday;3;Low;Clear;2.32;;0.15;33.91;48.41
16.53;Morning;Weekend;4;Medium;Clear;4.34;0.63;0.27;24.96;21.49
9.31;Afternoon;Weekend;2;Low;Rain;4.73;0.50;0.20;115.15;32.42
28.28;Afternoon;Weekday;2;Low;Rain;3.15;1.17;0.40;103.28;77.55
46.87;Morning;Weekday;4;Low;Clear;3.89;1.76;0.20;31.51;92.68
35.11;Afternoon;Weekday;3;Low;Rain;3.29;1.36;0.45;42.67;70.24
28.93;Morning;Weekday;2;Medium;Clear;3.31;2.00;0.46;29.14;74.57
5.76;Afternoon;Weekday;2;High;Snow;2.93;0.93;0.18;61.57;19.37
31.14;;Weekend;2;Low;Clear;4.29;0.92;0.35;7.26;35.48
49.51;Evening;Weekday;3;Medium;Snow;4.81;0.74;0.14;82.21;
7.86;Afternoon;;3;Medium;Rain;4.82;0.75;0.26;;
26.4;Afternoon;Weekday;4;Low;Clear;2.52;;0.39;108.34;
43.99;Morning;Weekday;3;Medium;Clear;4.62;1.69;0.36;23.91;
37.3;Morning;Weekday;3;Low;Snow;4.21;1.86;0.35;97.47;107.70
35.15;Afternoon;Weekday;1;Medium;Rain;2.76;;0.21;96.08;91.83
116.1960636;Afternoon;Weekend;4;Medium;Clear;2.20;0.85;0.25;19.63;206.70
139.0622302;Afternoon;Weekday;2;Low;Rain;2.80;1.82;0.14;50.83;276.84
;Morning;Weekday;3;Low;;4.74;0.99;0.39;24.57;29.56
40.66;Afternoon;Weekday;2;Medium;Clear;3.90;0.67;0.30;34.29;41.43
40.7;Evening;Weekday;2;;Clear;4.16;1.81;0.38;35.27;91.23
43.49;Evening;Weekday;1;Low;Clear;2.77;1.45;0.20;68.97;79.62
45.75;Morning;Weekday;3;Medium;Rain;4.16;0.75;0.23;52.31;50.50
26.06;Afternoon;Weekend;4;Medium;Clear;2.08;1.14;0.23;113.99;
25.57;Morning;Weekday;3;High;Rain;3.13;0.93;0.11;19.53;
40.12;Morning;Weekend;;High;Clear;3.88;1.61;0.24;116.97;96.55
32.85;Night;Weekday;4;Medium;Clear;2.44;1.18;0.42;31.52;54.44
35.4;Morning;Weekday;3;;Clear;4.47;1.98;0.46;93.88;117.75
39.99;Afternoon;Weekday;2;High;Clear;2.71;0.58;0.31;43.98;39.54
44.61;Afternoon;Weekday;;Low;;3.96;1.03;0.28;21.45;55.91
17.56;Evening;Weekday;1;Low;Clear;3.22;1.22;0.11;103.66;36.05
;Afternoon;Weekday;1;Low;Clear;3.79;1.25;0.45;40.52;46.27
5.61;;Weekday;1;High;Clear;2.32;0.97;0.11;;16.65
29.34;Afternoon;Weekday;2;High;Clear;2.05;1.59;0.48;70.14;82.37
2.76;Afternoon;Weekday;3;Low;Clear;4.73;1.81;0.30;59.25;
23.81;Morning;Weekend;1;Medium;Rain;2.81;1.91;0.24;62.02;63.17
100.38042;Afternoon;Weekday;3;Medium;Rain;4.46;;;89.21;329.91
15.04;Morning;Weekday;1;Low;Clear;5.00;1.78;0.11;15.09;33.43
29.95;Morning;Weekday;4;High;Clear;2.63;1.33;0.33;81.84;69.47
2.49;Afternoon;Weekday;;Low;Clear;2.80;1.74;0.32;108.02;41.70
2.83;Morning;Weekday;1;Low;Snow;3.99;0.96;0.19;11.65;8.92
41.31;Afternoon;Weekday;;Medium;Clear;4.90;1.10;;21.18;56.06
18.65;Afternoon;Weekday;1;Medium;Clear;4.75;0.98;0.36;87.41;54.49
7.23;Evening;Weekday;1;Low;Clear;3.51;1.20;0.39;55.29;33.75
26.59;Morning;Weekday;2;Medium;Clear;4.39;0.93;0.10;51.41;34.26
38.73;Morning;Weekday;;Medium;Clear;2.41;1.94;0.47;20.75;87.30
11.58;Morning;Weekday;3;Low;Rain;4.93;0.97;0.17;63.28;26.92
31.52;;Weekday;1;Low;Clear;4.89;0.65;0.19;19.55;29.09
5.18;Evening;Weekday;2;Medium;Clear;2.49;1.29;0.21;59.81;21.73
3.53;Morning;Weekend;1;Low;Clear;2.90;0.59;0.12;92.82;16.12
27.04;Night;Weekday;2;High;Clear;2.30;0.67;0.15;;25.62
145.7470599;Morning;Weekday;3;High;Rain;2.82;0.83;0.49;60.29;325.10
32.23;Afternoon;Weekday;3;High;Clear;4.45;1.20;0.23;119.08;70.51
36.58;Evening;Weekend;4;;Rain;3.13;1.15;0.15;83.96;57.79
48.82;Evening;Weekday;2;High;Clear;2.27;1.70;0.14;101.76;99.51
26.3;Evening;Weekday;2;Medium;Clear;3.03;1.61;0.39;52.71;65.93
16.82;Evening;Weekday;4;Low;Snow;4.94;1.14;0.44;93.30;65.17
39.96;Afternoon;Weekday;4;Low;Clear;3.89;1.00;0.20;9.66;45.78
14.27;Evening;Weekday;2;;Rain;3.25;0.97;0.11;19.13;19.20
22.51;Morning;Weekday;4;;Clear;2.50;1.66;0.19;28.35;45.25
4.84;Evening;;3;Medium;Rain;4.96;0.58;0.12;51.22;13.91
2.24;Afternoon;Weekday;1;Low;Clear;4.46;0.52;0.14;102.26;19.94
48.17;Evening;Weekend;3;Medium;Clear;;1.69;0.27;44.82;96.35
41.96;Afternoon;Weekend;4;Low;Rain;2.21;1.22;0.19;80.28;68.65
35.1;Afternoon;Weekday;2;;Rain;2.17;0.70;0.31;86.57;53.58
21.04;Afternoon;Weekday;2;Low;Rain;2.36;0.85;0.20;72.41;34.73
9.49;Evening;;3;High;Rain;3.74;1.90;0.48;46.08;43.89
8.67;Morning;Weekday;2;High;Rain;4.79;1.79;0.46;71.36;53.13
13.26;Morning;Weekday;4;Medium;Clear;3.49;1.56;0.33;44.36;38.81
27.91;Morning;Weekend;3;Low;Clear;4.53;1.22;0.24;;42.10
36.02;Morning;Weekend;2;Low;Clear;3.34;1.28;;119.17;79.24
33.35;Evening;Weekday;1;High;Clear;4.13;1.96;0.26;19.63;74.60
14.72;Morning;Weekday;;Low;Clear;4.20;1.95;0.39;13.32;38.10
47.79;;Weekend;4;Low;Clear;2.52;0.82;0.28;106.03;71.40
37.16;Afternoon;Weekend;2;Low;;3.08;1.72;0.44;39.71;84.47
28.16;Morning;Weekend;;;Clear;3.91;0.80;0.48;79.78;64.73
;Evening;Weekday;3;Medium;Clear;2.21;0.82;0.23;42.84;37.46
21.56;Afternoon;Weekday;1;High;Clear;;1.51;0.32;50.02;
13.14;;Weekday;3;Low;Clear;3.60;1.11;0.14;35.14;23.11
18.44;Afternoon;Weekday;2;Low;Rain;4.99;1.90;0.18;44.45;48.03
38.13;;Weekday;4;High;Rain;3.42;0.63;0.27;52.23;41.54
1.71;Morning;Weekday;4;High;Clear;4.45;1.27;0.18;87.85;22.43
6.69;Night;Weekday;4;Low;Clear;3.30;1.88;0.45;;44.60
3.25;Night;Weekday;3;Medium;Clear;4.39;1.86;0.16;;28.60
3;Afternoon;Weekday;1;Low;Clear;3.79;0.73;0.28;9.82;8.73
42.92;Morning;Weekday;3;High;Clear;4.66;1.05;0.34;62.85;71.10
35.48;Afternoon;Weekday;3;Low;Clear;3.23;1.43;0.38;72.19;81.40
116.6676807;Morning;Weekday;2;High;Clear;3.81;0.74;0.25;110.82;248.30
5.79;Morning;Weekday;2;Medium;Clear;3.89;1.95;0.45;10.65;19.97
25.09;Morning;Weekend;2;Medium;Snow;3.25;1.87;0.33;70.95;73.58
24.2;Afternoon;Weekday;1;Low;Snow;2.43;0.75;0.28;103.17;49.47
9.49;Evening;Weekday;1;Medium;Clear;2.28;0.68;0.13;32.82;13.00
22.26;Evening;Weekday;2;Medium;Clear;;0.63;0.29;105.77;46.75
;Evening;;;Low;Clear;4.62;1.86;0.43;7.19;45.90
31.18;Afternoon;Weekday;1;Medium;Clear;2.71;0.79;0.35;89.23;58.57
32.12;Afternoon;Weekday;4;High;Rain;2.63;1.12;0.43;112.31;86.90
3.22;Afternoon;Weekday;1;Medium;Clear;4.21;1.17;0.30;80.58;32.15
19.36;Night;Weekday;1;Medium;Rain;2.96;1.40;0.15;55.49;38.39
31.67;Morning;Weekday;1;Low;Clear;3.52;;0.11;10.16;23.96
25.65;Evening;Weekday;2;Medium;Snow;2.49;0.84;0.22;110.81;48.41
42.97;Afternoon;Weekend;4;Low;Clear;4.88;1.90;0.38;59.08;108.97
33.28;;Weekday;1;Medium;Rain;4.55;1.86;0.42;8.33;69.95
8.98;Evening;;2;High;Clear;4.59;1.67;0.22;84.33;38.14
4.46;Afternoon;Weekend;3;Medium;Clear;3.22;0.53;0.30;60.41;23.71
32.48;Evening;Weekday;3;Low;Clear;4.29;0.99;0.27;19.30;41.66
2.3;Night;Weekend;;Low;Clear;2.43;1.44;0.26;29.64;13.45
;Afternoon;Weekday;3;Medium;Rain;2.03;0.91;0.19;12.42;31.42
47.07;Morning;Weekday;4;Medium;Rain;2.06;1.86;0.15;71.04;100.27
29.2;Afternoon;Weekday;3;High;Rain;3.76;1.45;0.18;76.53;59.88
20.02;Night;Weekday;3;High;Clear;3.37;0.61;0.12;63.16;23.16
32.52;Morning;Weekday;4;Medium;Rain;3.55;1.86;0.18;98.97;81.85
23.45;Afternoon;Weekday;1;;Clear;2.02;1.94;0.10;104.02;57.92
27.74;Afternoon;Weekday;1;Low;Clear;;0.62;0.35;75.80;47.00
47.13;Evening;Weekday;4;Low;Clear;4.15;1.30;0.23;6.47;66.91
19.92;Morning;Weekday;4;Low;Clear;3.33;0.96;0.49;84.95;64.08
;Evening;Weekday;4;Medium;Clear;4.20;1.09;0.18;;66.18
45.36;Night;Weekday;3;Medium;Clear;2.70;0.77;0.24;70.04;54.44
10.59;Morning;Weekday;4;Medium;Clear;4.44;;0.24;79.64;38.06
4.4;Morning;Weekend;2;Low;Rain;3.77;1.94;0.10;45.28;16.83
5.94;Night;Weekday;3;Low;Clear;2.63;1.25;0.44;110.47;58.66
1.89;Morning;Weekend;1;Low;Clear;2.71;0.62;0.11;20.41;6.13
5.63;Evening;Weekday;1;Low;Clear;3.88;1.43;;82.22;51.40
34.47;Afternoon;Weekday;1;High;Clear;4.49;1.01;0.46;5.50;41.83
4.49;Morning;Weekday;3;Low;Clear;3.25;1.78;0.31;111.33;45.75
16.63;Evening;;2;Medium;Clear;2.77;1.15;0.32;17.94;27.64
42.4;Afternoon;;4;Low;;4.60;0.79;0.36;15.91;43.82
2.14;Afternoon;Weekend;4;High;Clear;4.01;0.79;0.25;43.30;16.53
40.91;Afternoon;;1;Medium;Clear;3.34;1.65;0.36;47.96;88.11
14.81;Afternoon;Weekend;1;Low;Rain;3.46;0.90;0.12;29.64;20.35
6.79;Morning;Weekend;3;Medium;Clear;2.61;1.65;0.12;72.29;22.49
35.14;Afternoon;Weekend;2;Medium;Clear;3.88;0.81;0.28;55.94;48.01
31.82;;Weekend;4;High;Rain;3.08;0.98;0.32;8.93;37.12
44;Morning;Weekday;3;Low;Clear;4.99;1.20;0.46;41.76;77.00
37.02;Afternoon;Weekday;4;High;;3.44;1.91;0.14;;87.90
40.37;Afternoon;Weekday;1;High;Rain;3.46;1.90;0.43;84.32;116.42
14.82;Evening;Weekday;4;High;Clear;3.70;0.81;0.18;88.36;31.61
9.69;Morning;Weekday;2;Medium;Clear;4.75;1.04;0.26;85.28;37.00
37.78;Night;Weekend;2;Medium;Clear;4.40;0.72;0.23;40.76;40.98
40.53;Afternoon;Weekday;1;Medium;Clear;3.35;1.26;0.26;16.46;58.70
49.53;Morning;Weekday;2;Medium;Clear;4.16;1.19;0.16;36.33;68.91
21.22;Morning;Weekday;2;Medium;Clear;3.76;1.85;0.30;100.66;73.21
19.23;Morning;Weekday;3;Medium;Clear;3.48;1.90;0.42;117.75;89.47
39.04;Afternoon;Weekday;4;Medium;Clear;;1.08;0.28;61.79;62.04
17.7;Afternoon;Weekend;1;Medium;Clear;3.39;1.24;0.30;6.12;27.17
46.61;Evening;Weekday;1;High;Clear;2.74;1.84;0.44;21.11;97.79
43.06;Afternoon;;1;Low;Clear;4.74;1.71;0.38;42.04;94.35
22.02;Morning;Weekday;1;High;Clear;;0.51;0.30;71.54;
37.79;Afternoon;;1;Medium;Clear;4.86;0.98;0.20;13.64;44.62
37.97;Evening;Weekday;2;High;Rain;3.60;1.13;0.45;113.49;97.58
6.05;Morning;Weekday;3;Medium;Clear;3.89;0.84;0.33;46.98;24.48
;Morning;;1;Low;Clear;3.63;0.80;0.19;109.95;60.70
25.76;Morning;Weekday;3;High;Clear;2.39;0.56;0.21;94.76;36.72
41.5;Evening;Weekday;3;Low;Clear;3.13;1.47;0.42;91.88;102.72
;Afternoon;Weekday;2;High;Rain;2.30;0.89;0.12;74.77;26.12
44.88;Afternoon;Weekday;1;Medium;Clear;3.87;0.58;0.50;77.08;68.44
20.07;Evening;Weekday;2;Medium;Snow;3.34;0.85;0.15;78.37;32.16
1.53;Evening;Weekday;1;Low;Clear;4.33;1.70;0.42;77.30;
45.36;Afternoon;Weekend;;Medium;Rain;2.66;1.78;0.26;68.68;101.26
5.47;;Weekday;3;Low;Clear;2.49;1.22;;118.44;44.70
104.3717909;;Weekday;1;Low;Rain;3.22;1.12;0.45;89.21;206.51
47.55;Morning;Weekday;4;Low;Clear;4.78;1.97;0.27;94.35;123.93
47.58;Morning;Weekday;3;Low;Clear;4.13;0.80;0.31;105.33;74.85
29.1;Morning;Weekday;4;High;Clear;3.26;0.82;0.12;29.80;30.70
31.96;Afternoon;Weekday;3;High;Clear;3.55;0.94;;14.64;35.06
22.97;Night;Weekend;2;Low;Rain;2.25;0.76;0.20;60.53;31.81
15.37;Morning;Weekday;1;;Clear;4.95;1.07;0.37;64.12;45.12
;Morning;Weekday;3;Low;Clear;4.00;1.87;0.15;100.36;51.03
33.95;Afternoon;Weekday;2;Medium;Rain;2.86;1.42;0.15;;59.48
37.87;Night;Weekday;1;High;Clear;3.76;;0.26;70.65;64.54
39.79;Afternoon;Weekday;1;High;Snow;2.33;1.90;0.36;;101.55
39.69;Afternoon;Weekday;3;Medium;Rain;4.90;0.57;0.38;;31.09
5.47;Morning;Weekend;1;Medium;Clear;2.52;0.82;0.17;75.75;19.88
25.23;Morning;Weekday;3;Low;Rain;3.94;1.35;0.13;100.22;51.03
;Night;Weekday;1;High;Clear;;1.42;0.48;23.11;19.26
27.93;Night;Weekend;4;Low;Clear;4.15;0.56;0.20;73.35;34.46
22.63;Morning;Weekday;2;Medium;Clear;4.33;;0.44;73.27;
44.5;Night;Weekend;4;Medium;Clear;4.02;1.47;0.45;23.88;80.18
;Afternoon;Weekday;;Medium;Rain;3.84;1.55;0.41;19.20;39.91
6.74;Evening;Weekend;4;Low;Rain;4.68;1.46;0.17;117.71;34.53
8.01;Afternoon;Weekday;3;High;Clear;;0.98;0.43;50.28;31.71
38.31;Afternoon;Weekend;1;Low;Clear;2.99;0.64;0.41;31.15;40.28
31.29;Afternoon;Weekend;1;Medium;Snow;2.74;1.14;0.34;24.70;46.81
5.96;Afternoon;Weekday;;Low;Clear;4.96;0.69;0.23;81.77;27.88
5.12;Morning;Weekend;4;Low;Clear;3.17;1.92;0.21;75.09;28.77
35.35;Morning;Weekday;1;Medium;Clear;4.20;1.21;0.15;79.01;58.83
4.57;;Weekday;2;Medium;Rain;4.05;0.98;0.30;15.12;13.06
41.27;Evening;Weekday;1;Low;Clear;2.64;1.65;0.33;107.76;106.30
;Morning;Weekday;2;Low;Rain;2.72;1.25;0.24;49.77;59.18
;Afternoon;Weekday;4;Medium;;2.84;0.97;0.29;41.04;19.58
5.16;Night;Weekday;2;Medium;Clear;3.23;1.72;0.25;58.17;26.65
49.35;Morning;Weekday;2;;Clear;2.70;1.80;0.36;49.86;109.48
19.34;Afternoon;Weekend;2;Low;;2.06;1.51;0.46;104.31;79.25
19.16;Afternoon;Weekend;2;Low;Clear;4.64;0.57;;111.87;34.58
40.83;Evening;Weekday;1;Low;Rain;4.90;1.35;;39.90;70.00
47.42;Morning;Weekday;2;Low;Rain;3.02;1.64;0.16;104.35;97.48
;Afternoon;Weekday;1;Medium;Clear;3.02;0.70;0.35;94.88;70.75
37.92;Evening;Weekday;2;Medium;Rain;2.02;0.84;0.39;112.04;77.57
19.44;Night;Weekday;;Low;;4.04;1.82;0.47;33.26;55.05
5.09;Afternoon;Weekday;4;Low;;4.48;0.53;0.21;71.35;
39.08;Afternoon;Weekday;;Low;Clear;2.44;1.63;;36.57;83.69
28.36;;Weekend;3;High;Clear;2.48;1.21;0.13;99.77;49.77
21.79;Evening;Weekday;2;High;Clear;4.37;1.17;0.34;5.61;31.77
45.41;Afternoon;Weekday;2;Low;Clear;3.85;0.51;0.12;69.95;35.40
6.45;Morning;Weekday;2;Low;Clear;2.13;1.73;0.46;44.01;33.53
25.14;Night;Weekday;3;High;Rain;3.87;1.04;0.31;42.11;43.07
1.56;Afternoon;Weekday;4;High;Clear;2.93;1.31;0.37;79.16;34.26
23.96;Afternoon;Weekday;3;;Clear;3.11;1.52;0.43;102.92;83.78
3.76;Morning;Weekday;4;;Clear;4.31;1.55;0.16;75.06;22.15
6.82;Afternoon;Weekday;2;Low;;4.43;1.93;0.12;103.11;29.97
6.76;Afternoon;Weekend;;Medium;Clear;3.20;1.30;0.45;35.43;27.93
32.81;Afternoon;Weekend;;Low;Clear;4.84;;0.23;64.74;55.82
37.56;Morning;Weekday;4;Low;;3.22;1.93;0.15;56.81;84.23
29.59;Afternoon;Weekday;3;Medium;Rain;4.32;1.46;0.29;6.34;49.36
48.15;Night;Weekday;2;Low;Clear;3.45;0.95;0.34;69.03;72.66
19.37;Morning;Weekday;3;Medium;Clear;4.69;0.69;0.11;81.08;26.97
15;Night;Weekday;3;Low;Snow;4.72;1.76;0.21;73.07;46.46
43.56;Afternoon;Weekday;3;Low;Rain;2.26;1.04;0.11;89.67;57.43
11.96;Evening;Weekday;2;Medium;Snow;4.81;1.49;0.27;70.70;41.72
48.2;;Weekday;3;Low;Clear;4.48;1.21;0.46;12.68;68.63
;Afternoon;Weekday;3;High;Clear;4.37;0.80;0.49;18.39;14.66
48.52;Evening;Weekend;2;Medium;;2.60;1.40;0.35;73.59;96.28
3.11;Evening;Weekend;3;Low;Clear;4.42;0.59;0.16;36.62;12.11
44.67;Afternoon;Weekend;2;Medium;Rain;4.55;1.12;0.46;14.16;61.09
26.86;Afternoon;Weekday;4;Low;Clear;2.87;1.32;0.31;54.40;55.19
49.66;Afternoon;Weekend;4;High;Clear;4.86;1.15;0.16;68.75;72.97
;Evening;Weekday;;Low;Clear;2.15;1.62;0.47;42.81;29.76
28.14;Evening;Weekend;3;Medium;Clear;2.45;;0.40;87.85;86.55
48.5;Evening;Weekday;1;Low;Clear;3.61;1.66;0.39;79.03;114.94
26.63;Afternoon;Weekend;1;Medium;Clear;3.73;0.56;0.38;43.27;35.09
31.84;Evening;Weekday;3;High;Snow;3.94;0.79;0.18;91.81;45.62
107.786832;Morning;Weekend;1;High;Clear;2.05;1.30;0.18;79.60;322.73
23.27;Afternoon;Weekend;2;Low;Clear;4.88;1.90;0.38;78.31;78.85
31.75;Morning;Weekday;1;;Rain;2.13;1.75;0.19;68.64;70.73
29.63;Afternoon;Weekday;3;High;Clear;2.43;1.76;0.28;6.31;56.35
45.16;Afternoon;Weekend;3;High;Clear;2.04;;0.41;85.10;79.83
3.23;Afternoon;Weekday;2;Low;Rain;3.70;1.14;0.41;48.24;27.16
14.77;Afternoon;Weekend;4;Medium;Clear;4.80;1.21;0.28;113.40;54.42
47.57;Afternoon;Weekday;;Low;Rain;4.00;0.74;0.42;99.07;80.81
44.62;;Weekday;2;High;Rain;4.47;0.55;0.44;72.58;60.95
23.33;Morning;Weekday;1;Low;Snow;2.04;1.92;;34.00;59.07
31.39;Afternoon;Weekday;1;Low;Clear;3.63;0.86;0.19;28.43;36.03
14.59;Morning;Weekend;2;Medium;Clear;;0.86;0.21;44.14;25.20
10.22;Morning;Weekday;2;;Clear;3.50;0.63;0.23;59.81;23.69
23.72;Afternoon;Weekday;3;Medium;Clear;2.22;1.89;0.15;39.05;52.91
18.31;Afternoon;Weekday;1;Medium;Rain;4.05;1.37;0.21;64.22;42.62
29.6;Afternoon;Weekday;2;Low;Clear;3.51;1.50;0.18;24.02;52.23
4.81;Afternoon;Weekend;1;Low;Clear;4.30;1.87;0.28;117.44;46.18
48.75;Afternoon;Weekend;2;Medium;Rain;3.46;1.02;0.46;17.41;61.19
49.32;Evening;Weekday;1;Low;Clear;2.45;1.43;0.14;112.17;88.68
35.21;Afternoon;Weekend;4;Medium;Clear;3.94;0.56;0.39;110.06;66.58
27.27;Afternoon;Weekend;3;High;Clear;2.52;0.78;0.37;65.42;48.00
16.17;;Weekday;1;Medium;Rain;4.62;1.75;0.14;;45.29
40.88;Afternoon;Weekend;4;Low;Clear;;1.65;0.47;55.15;97.21
34.55;Afternoon;Weekday;1;Low;Rain;2.47;1.03;;;63.62
8.97;Afternoon;Weekday;1;Low;Clear;4.89;1.07;0.25;44.17;25.53
45.64;Afternoon;Weekend;4;;Rain;3.56;1.30;0.40;39.63;78.74
41.3;Afternoon;Weekday;1;Medium;Rain;2.22;;0.20;71.50;37.17
47.54;Afternoon;Weekend;1;Medium;Clear;3.88;0.86;0.38;;68.43
36.56;Evening;Weekend;3;Low;Clear;2.76;0.81;0.12;;40.97
31.06;Evening;Weekday;4;Low;Clear;4.41;0.88;0.44;37.97;48.45
21.49;Evening;Weekend;4;Low;Rain;4.45;1.71;0.28;47.20;54.41
46.7;Night;Weekday;2;Medium;Clear;4.94;;0.35;14.65;53.03
43.44;Morning;Weekday;1;Low;Clear;3.51;0.79;0.19;11.01;39.92
3.22;Morning;Weekday;3;;Clear;3.36;;0.37;34.15;20.05
2.29;Morning;Weekend;1;Low;Clear;4.26;1.80;0.41;13.54;13.93
19.45;Afternoon;Weekday;1;High;Clear;2.40;0.86;0.29;16.93;24.04
40.72;Evening;Weekday;2;High;Clear;3.64;0.62;0.35;98.49;63.36
49.38;Morning;Weekday;1;Low;Clear;3.64;1.03;0.28;9.47;57.15
8.37;Night;Weekend;3;Low;Rain;2.27;1.62;;80.78;52.99
30.11;Morning;Weekday;3;Medium;Clear;3.25;1.33;0.30;36.34;54.20
19.66;Night;Weekday;2;Low;Clear;4.56;1.73;0.44;105.23;84.87
48.53;Afternoon;Weekday;1;Medium;Snow;4.57;1.94;;60.77;124.24
42.26;Morning;Weekday;3;High;Rain;2.30;1.69;0.26;40.14;84.16
42.08;Afternoon;Weekend;1;Medium;Rain;2.27;1.41;0.19;64.53;73.86
23.97;Morning;Weekday;1;High;Clear;2.79;1.24;0.26;48.93;45.23
21.33;Morning;Weekday;1;Low;Clear;4.62;0.56;0.43;69.89;46.62
14.4;Afternoon;Weekend;2;Low;Clear;2.39;1.98;0.19;18.17;34.35
3.76;Evening;Weekday;;Medium;Rain;4.16;1.08;0.31;119.65;45.31
43.37;Afternoon;Weekend;3;Low;Clear;2.30;0.73;0.42;53.94;56.61
40.83;Afternoon;Weekday;1;Medium;Clear;3.87;1.50;0.24;45.05;75.93
49.99;Afternoon;Weekend;3;Low;Clear;3.07;0.93;0.36;86.67;80.76
139.4765146;Evening;Weekday;1;Low;Clear;4.37;1.38;0.20;46.85;296.09
28.22;Morning;Weekday;3;High;Clear;2.70;1.38;0.14;100.83;55.76
38.68;Afternoon;Weekend;;Low;Clear;3.92;1.17;0.42;57.24;73.22
47.29;Morning;Weekend;1;High;Clear;2.71;1.75;0.14;87.75;97.75
42.63;Morning;Weekend;1;High;Clear;4.14;;0.21;17.36;46.15
13.12;Afternoon;Weekday;3;Medium;Snow;4.62;1.17;0.44;102.30;64.98
23.08;Morning;Weekend;4;Medium;Rain;2.38;1.31;0.24;89.61;54.12
7.33;Afternoon;Weekend;2;Medium;Rain;4.60;1.50;0.49;29.35;29.98
47.75;Evening;Weekday;4;High;Rain;3.78;1.68;0.49;;94.64
30.7;Morning;Weekend;4;Low;Clear;2.38;1.09;0.21;41.37;44.53
12.2;Afternoon;Weekend;1;Medium;Clear;3.28;1.47;0.12;117.25;35.28
33.91;Morning;Weekday;2;Medium;Clear;2.48;0.73;0.38;34.54;40.36
31.29;Night;Weekday;;Medium;Clear;4.10;1.90;0.28;57.45;79.64
18.55;Afternoon;Weekday;1;Medium;Clear;4.28;1.07;0.14;;25.31
6.56;Evening;Weekday;4;Low;Clear;2.32;1.59;0.38;50.68;32.01
33.91;Afternoon;Weekday;4;Medium;Clear;;0.53;0.11;;29.27
26.5;Morning;Weekday;1;High;Clear;4.44;0.81;0.45;114.61;77.48
38.84;Afternoon;Weekday;1;Low;Clear;4.81;1.23;;64.42;62.89
26.49;Night;Weekday;1;High;Clear;3.54;1.82;0.15;99.20;66.63
42.76;Afternoon;Weekday;2;Medium;Rain;4.85;1.29;0.17;67.92;71.56
28.04;Evening;Weekend;4;High;Clear;3.61;1.89;0.48;9.69;61.26
28.49;Evening;Weekend;;Medium;Clear;3.18;1.23;0.38;41.23;53.89
43.96;Morning;Weekday;3;Medium;;4.54;1.24;0.42;71.19;88.95
20.77;Morning;Weekend;4;Low;Clear;3.48;;0.26;;47.33
7.57;Afternoon;Weekday;3;High;Clear;3.42;1.70;0.23;103.80;40.16
2.41;;Weekday;2;Low;Clear;3.47;0.87;0.19;31.26;11.51
38;Evening;Weekday;;High;Clear;4.54;1.85;0.29;30.31;83.63
31.4;Night;Weekday;3;;Clear;4.50;1.87;0.32;28.13;72.22
35.5;Afternoon;Weekend;2;Low;Rain;3.21;1.91;0.35;111.09;109.90
11.44;Morning;Weekend;1;Low;Rain;3.00;1.28;0.20;103.06;38.26
7.68;Evening;Weekday;3;Medium;Clear;3.48;1.52;0.48;94.11;60.33
1.71;Morning;Weekday;3;;Clear;3.72;1.67;0.17;50.16;15.10
18.18;Evening;Weekday;2;High;Rain;2.72;0.70;0.49;63.00;46.32
29.91;Afternoon;;1;Low;Clear;4.38;1.40;0.11;58.40;52.68
20.22;Afternoon;Weekday;1;Low;Clear;3.46;0.55;;34.14;24.48
22.44;Morning;Weekday;3;High;;3.00;1.25;0.23;63.08;45.56
45.3;Afternoon;Weekend;3;Medium;Rain;2.32;0.73;0.28;8.51;37.77
18.06;Afternoon;Weekend;3;High;Clear;2.72;0.77;0.33;20.16;23.28
26.19;Afternoon;Weekday;1;Low;;4.85;1.05;0.27;106.96;61.23
39.4;;Weekend;2;Medium;Rain;2.92;1.15;0.27;91.44;72.92
20.43;Evening;Weekday;2;Medium;Clear;2.51;1.43;0.39;53.63;52.64
31.48;Evening;Weekday;1;Medium;;3.38;0.61;0.37;64.47;46.44
43.26;Morning;Weekday;4;Medium;Snow;2.92;1.26;0.43;47.55;77.87
47.53;Morning;Weekday;2;Medium;;2.11;0.77;0.20;90.19;56.75
8.21;Morning;Weekend;3;Medium;Clear;2.97;1.36;0.34;95.18;46.50
46.4;Afternoon;Weekday;4;Low;Clear;3.63;1.46;0.33;92.78;101.99
25.11;Afternoon;Weekday;4;Medium;Clear;3.66;1.34;0.25;88.10;59.33
13.65;Afternoon;Weekday;2;Low;Clear;3.07;1.61;0.29;;
23.5;Morning;Weekday;4;Medium;Clear;3.34;1.00;0.23;43.87;36.93
49.02;Afternoon;Weekend;4;Low;Clear;4.90;1.65;0.16;59.03;95.23
25.14;Afternoon;Weekday;2;Medium;Rain;3.13;1.15;0.19;43.04;40.22
17.11;Afternoon;Weekday;;Medium;;2.77;1.23;;91.82;36.67
;Night;Weekday;4;Low;Clear;2.73;1.47;0.37;42.88;65.69
12.77;Morning;Weekday;3;Low;Clear;3.37;0.53;;20.90;17.66
4.72;;Weekday;1;Low;Rain;4.28;1.48;0.48;50.89;35.69
7.32;Afternoon;Weekday;4;Medium;Clear;2.62;1.43;0.39;117.69;58.99
122.820191;Afternoon;Weekday;;High;Clear;4.13;0.96;0.12;30.98;247.60
8.44;Evening;Weekend;3;Low;Clear;2.06;0.63;0.45;75.40;41.31
7.8;Afternoon;Weekend;;Medium;Clear;3.26;0.64;0.45;;32.91
32.4;Night;Weekend;4;Low;Clear;4.33;1.88;0.28;13.17;68.93
9.91;Morning;Weekday;1;Medium;Rain;3.02;1.53;0.33;61.11;38.35
17.94;Morning;Weekday;1;High;Clear;3.69;0.69;0.49;85.75;58.09
44.94;Evening;Weekday;1;Low;Clear;2.61;1.04;0.31;64.02;69.19
24.22;Afternoon;Weekend;2;Medium;Clear;4.23;1.39;0.46;;86.33
33.71;Morning;Weekday;2;Low;Rain;;1.75;0.13;38.23;66.12
9.44;Morning;Weekday;1;Low;Clear;4.56;0.57;0.18;14.92;12.63
10.42;Morning;Weekday;1;Low;Clear;;0.85;0.28;112.71;43.01
3;Evening;Weekday;2;Low;Clear;4.62;1.83;0.33;48.49;26.11
9.28;Morning;Weekday;3;Medium;Clear;3.06;0.51;0.43;71.29;38.45
14.65;Afternoon;Weekday;4;Medium;Clear;4.17;0.80;0.50;96.08;63.93
9.67;Morning;Weekend;4;Medium;Clear;2.96;1.94;0.26;42.30;32.72
5.35;;Weekday;1;Low;Clear;4.72;1.42;0.12;87.36;22.80
6.91;Morning;Weekday;3;Low;Clear;2.38;0.89;0.42;20.57;17.17
23.58;Afternoon;Weekday;2;Medium;Clear;2.54;0.60;0.34;38.50;29.78
11.11;Morning;Weekday;1;;;3.48;0.54;0.18;21.64;13.37
18.85;;Weekday;3;Low;Clear;2.25;0.87;0.30;98.29;48.14
25.67;Morning;Weekend;3;High;;2.59;1.82;0.40;30.60;61.55
34.83;Afternoon;Weekday;3;Medium;Snow;4.83;1.12;0.41;87.50;79.71
2.93;Evening;Weekend;2;Medium;Snow;4.93;1.58;0.30;113.48;43.60
40.17;Afternoon;Weekday;2;Medium;Rain;3.13;1.88;0.22;65.69;93.10
31.77;Afternoon;Weekday;4;Low;Clear;4.77;1.11;0.49;67.10;72.91
5.01;Afternoon;Weekend;4;Low;Rain;3.63;0.79;0.37;58.02;29.06
43.81;Afternoon;Weekday;3;Medium;Clear;2.81;1.28;0.26;42.48;69.93
46.12;Afternoon;Weekday;3;Low;Clear;4.11;1.86;0.21;59.70;102.43
138.7638872;Night;Weekday;2;High;Clear;3.98;1.71;0.39;74.32;332.04
14.57;Afternoon;Weekday;4;Medium;Clear;4.97;0.60;;118.39;37.39
40.5;Afternoon;Weekend;3;Low;Rain;2.80;1.54;;112.84;84.35
37.66;Evening;Weekday;4;Medium;Clear;4.02;1.36;0.31;104.15;87.52
10.04;Afternoon;Weekend;;Low;Clear;2.16;1.86;0.22;107.25;44.43
11.26;Morning;Weekend;3;Medium;Rain;2.34;0.68;;58.80;30.58
19.15;Afternoon;Weekday;2;Medium;Clear;2.01;1.30;0.15;80.61;39.00
24.74;Night;Weekend;3;High;Clear;5.00;1.82;0.36;107.93;88.88
31.29;Morning;Weekday;3;Medium;Rain;4.41;;0.21;50.19;
19.08;Afternoon;Weekend;4;Medium;Clear;4.36;1.22;0.10;115.60;39.20
23.66;Morning;Weekday;3;Medium;Clear;3.53;0.61;0.15;52.82;25.89
37.63;Afternoon;Weekday;2;High;Clear;2.90;0.92;;74.12;72.36
2.8;Morning;Weekday;3;Low;Clear;2.45;;0.45;86.63;44.21
13.37;Afternoon;Weekday;2;Low;Rain;2.85;1.92;0.19;114.32;50.24
35.95;Evening;Weekday;2;Low;Clear;3.13;0.92;0.41;33.13;49.79
44.87;Afternoon;;4;Low;Clear;4.27;;0.34;90.81;
26.07;Afternoon;Weekday;1;Medium;Clear;3.62;1.51;0.49;64.89;
27.07;Evening;Weekday;1;Medium;Clear;2.23;0.74;0.25;35.88;31.23
6.25;Night;Weekend;4;Medium;Snow;2.05;1.23;0.37;94.31;44.63
22.92;Morning;Weekday;3;;Clear;2.31;1.61;0.13;68.51;48.12
27.1;Afternoon;;4;Medium;Clear;;1.80;0.26;81.01;73.07
12.88;Morning;Weekend;2;Low;Clear;4.80;1.44;0.49;42.13;43.99
14.19;Night;Weekend;1;Medium;Clear;3.91;1.50;0.32;;44.51
19.49;Night;Weekend;4;Medium;Rain;4.41;0.69;0.22;76.00;34.58
1.98;Afternoon;Weekday;3;Low;Clear;3.40;1.92;0.15;51.56;
;Evening;Weekday;4;Low;Clear;3.08;0.70;0.38;27.81;25.39
11.36;Afternoon;Weekend;1;Low;Clear;;1.66;0.36;115.59;62.80
17.05;Afternoon;Weekday;4;High;Rain;4.63;0.90;0.25;63.82;
6.87;Morning;;4;High;Clear;4.35;1.90;0.48;89.40;60.32
44.64;Evening;Weekday;1;Medium;Rain;2.50;1.58;0.11;52.27;78.78
30.09;Morning;Weekend;;Low;Clear;3.54;1.63;0.22;45.84;62.67
;Evening;Weekday;2;Medium;Rain;3.46;0.83;0.47;51.82;56.27
39.67;Evening;Weekday;1;Medium;Clear;3.88;1.16;0.23;52.06;61.87
25.42;Evening;Weekday;4;Medium;Clear;4.84;1.43;0.20;67.58;54.71
5.26;Morning;Weekday;1;Low;Clear;3.74;1.65;0.31;67.50;33.34
27.32;Afternoon;;2;Low;Clear;3.62;0.66;0.43;62.17;48.38
29.76;Morning;Weekday;3;Medium;Rain;2.15;1.94;0.14;20.50;62.75
37.53;Afternoon;Weekday;4;Low;Rain;2.19;1.84;0.48;62.05;101.03
22.15;Morning;Weekend;2;Low;Clear;2.56;0.91;0.42;24.45;32.99
7.25;Night;Weekday;;Low;Clear;2.10;1.73;0.17;19.51;17.96
14.91;Afternoon;Weekend;1;Medium;Clear;4.23;1.28;0.38;112.25;65.97
18.79;Afternoon;Weekend;3;High;Rain;4.17;1.19;0.25;74.57;45.17
32.65;Afternoon;Weekday;1;High;Clear;2.41;0.97;0.26;80.84;
28.97;Afternoon;Weekday;3;Medium;Clear;4.51;1.37;0.41;51.21;65.20
18.45;Afternoon;Weekday;4;Medium;Clear;2.46;1.59;0.49;109.53;85.47
49.34;Afternoon;Weekend;4;Low;Clear;;1.12;0.15;78.36;69.91
30.68;Night;Weekday;1;Medium;Clear;2.75;1.44;0.27;93.45;72.16
12.62;Afternoon;Weekday;3;;Clear;3.12;1.55;0.29;47.38;36.42
5.99;Night;Weekday;3;Medium;Clear;2.76;1.57;0.25;115.40;41.01
8.49;Evening;Weekday;;Low;Snow;3.47;;0.25;99.35;33.23
13.05;Morning;Weekday;1;Low;Clear;3.22;1.79;0.12;103.20;38.96
8.87;Night;Weekday;3;Low;Clear;4.96;1.19;0.37;24.80;24.69
10.14;Morning;Weekend;4;Low;Clear;2.17;0.89;0.27;36.16;
14.97;Evening;Weekday;2;;Rain;2.43;0.86;0.18;37.85;22.12
9.5;Afternoon;Weekday;1;Low;Clear;2.16;1.22;0.43;36.15;29.29
44.94;Evening;;2;High;Clear;;1.83;0.42;103.37;129.54
4.93;Evening;Weekend;1;Medium;Clear;2.16;1.07;0.29;8.67;9.95
26.7;Evening;Weekday;4;Medium;Clear;4.51;1.62;0.22;13.75;50.79
21.11;Evening;Weekend;3;High;Clear;3.54;0.65;0.36;36.50;30.40
49.14;Afternoon;Weekday;3;High;Rain;3.58;1.21;0.22;27.99;69.20
6.49;Morning;Weekday;3;Medium;;3.68;;0.19;31.66;
20.49;Afternoon;Weekday;1;High;Clear;2.51;1.66;0.39;96.76;74.26
48.5;Morning;Weekday;4;Low;Clear;2.59;0.82;0.12;;50.73
43.41;Afternoon;Weekday;2;Low;Rain;2.96;1.25;0.14;5.66;58.01
41.04;Afternoon;Weekday;;Medium;Clear;3.78;0.85;0.10;54.37;44.10
13.64;Night;Weekend;2;Medium;Rain;2.63;1.11;0.16;51.91;26.08
9.37;Afternoon;Weekday;1;Medium;Clear;2.35;1.67;0.13;18.10;20.35
33.76;Evening;Weekday;1;Low;Rain;;1.66;0.50;82.76;102.33
46.54;Morning;Weekday;2;Low;Rain;2.07;0.84;0.22;85.74;60.03
28.28;Evening;Weekday;2;Medium;Rain;4.41;1.88;0.16;87.90;71.64
29.01;;Weekday;2;Low;Clear;4.36;1.39;0.20;88.77;62.44
14.72;Afternoon;Weekday;4;Medium;Clear;2.89;1.07;0.47;5.01;21.00
38.71;Afternoon;Weekday;2;Medium;Rain;2.41;1.25;0.31;114.70;86.35
10.17;Evening;Weekday;1;Medium;Clear;;1.41;0.25;98.63;41.44
16.86;Morning;Weekday;1;Medium;Clear;4.09;1.34;0.45;108.96;75.71
21.85;Afternoon;Weekday;3;High;Rain;3.93;1.23;0.26;6.80;32.57
25.87;Afternoon;Weekday;2;;Rain;4.35;1.26;0.23;112.39;62.80
12.88;Morning;Weekday;4;Medium;Rain;4.81;0.76;0.18;98.13;32.26
6.63;Afternoon;Weekend;4;Medium;Clear;4.08;1.72;0.25;101.28;40.80
30.92;Morning;Weekday;4;Low;Rain;2.47;1.31;0.23;15.73;46.59
15.14;Morning;Weekday;3;Low;Rain;2.73;0.70;0.37;89.96;46.61
29.48;Morning;Weekday;;Low;Clear;4.53;1.65;0.22;115.39;78.56
8.56;Night;Weekend;4;Medium;Clear;2.63;;0.33;83.03;46.29
24.58;Afternoon;Weekend;1;Medium;Clear;2.22;1.92;0.13;70.61;58.59
27.1;;Weekday;3;High;Clear;4.11;1.05;0.18;113.75;53.04
3.54;Afternoon;Weekend;2;Low;Snow;3.21;0.70;0.26;55.94;20.23
17.49;Afternoon;Weekday;2;Low;Clear;4.76;1.28;0.47;73.92;61.89
7.59;Afternoon;Weekday;2;High;;3.95;0.67;0.25;59.78;23.98
4.11;Afternoon;Weekend;4;Low;Snow;2.27;1.90;0.37;112.28;51.62
49.51;Morning;Weekend;2;Medium;Clear;4.84;0.78;0.20;13.75;46.21
16.8;Afternoon;Weekday;4;Medium;Rain;2.78;0.88;;62.63;26.96
40.68;Morning;Weekday;3;;Clear;3.01;1.11;0.12;84.00;58.24
13.48;Afternoon;Weekday;3;Low;Rain;3.21;1.07;0.22;96.07;38.77
34.39;;Weekday;4;Low;Clear;2.15;1.69;0.16;72.05;71.80
38.25;Morning;;1;Low;Rain;3.49;1.18;0.17;109.53;67.25
30.19;Morning;Weekday;2;Medium;;2.37;0.76;0.40;113.33;70.65
24.11;Evening;;2;Medium;Clear;3.20;0.90;0.11;12.40;26.26
21.18;Afternoon;Weekday;2;Low;Rain;3.05;1.26;0.32;51.27;46.14
18.09;Morning;Weekday;4;Medium;Clear;4.32;0.72;0.25;7.70;19.27
46.55;Night;Weekday;3;High;Clear;4.41;1.42;0.30;42.88;83.38
41.7;;Weekday;2;Low;Clear;2.46;1.35;0.33;66.74;80.78
48.29;Afternoon;Weekend;3;Medium;Rain;3.10;1.57;0.23;109.74;104.16
7.09;Night;Weekend;2;;Clear;;1.91;0.22;102.35;39.18
36.81;Morning;Weekday;2;Low;Clear;2.45;1.87;0.39;19.66;78.95
46.98;Morning;Weekend;4;Low;Clear;4.40;1.92;0.45;15.70;101.67
9.88;Morning;Weekend;1;Medium;Clear;4.12;0.87;0.18;72.77;25.81
4.26;Afternoon;Weekend;4;;Clear;2.57;0.70;0.14;66.19;14.82
37.31;Morning;Weekday;2;High;Clear;3.10;0.95;0.46;35.63;54.93
29.15;Afternoon;Weekday;2;Medium;Clear;2.32;1.84;0.24;108.44;81.98
;Morning;Weekday;1;Medium;Clear;3.88;1.96;0.32;111.65;122.42
7.85;Afternoon;;3;Low;Clear;2.36;;0.24;51.30;28.72
39.97;Night;Weekday;3;Medium;Rain;4.96;0.67;0.15;107.38;47.85
10.88;Evening;Weekday;2;Medium;Clear;;1.92;0.34;;41.94
9.02;Afternoon;Weekday;3;Low;Clear;3.17;1.14;0.31;89.73;
9.05;Afternoon;Weekend;2;Medium;Clear;3.74;0.51;0.18;59.73;19.11
40.91;Afternoon;Weekday;1;Medium;Clear;4.73;1.16;0.28;19.10;57.53
33.59;Afternoon;Weekday;1;Low;Rain;3.66;0.57;0.42;111.71;69.72
26.63;Afternoon;Weekend;2;High;Clear;2.52;;0.34;57.22;57.13
;Morning;Weekend;1;Low;Clear;3.14;;0.14;89.47;34.43
43.98;Evening;Weekend;4;Low;Clear;4.53;1.21;0.32;47.22;72.86
20.23;Afternoon;Weekend;;Low;Clear;3.93;1.42;0.38;7.17;35.38
41.01;Morning;;1;Medium;Clear;3.95;1.80;0.42;16.56;84.72
22.52;Afternoon;Weekend;2;Medium;Clear;4.60;1.49;0.35;62.07;
19.47;;Weekday;2;Low;Clear;4.68;1.15;0.16;84.35;40.57
23.67;Evening;Weekday;1;Medium;Snow;4.76;1.73;0.38;43.49;62.24
15.77;Evening;Weekday;3;Low;Clear;2.28;1.86;0.37;;63.05
37.63;Evening;Weekday;4;Medium;Clear;3.63;0.68;0.11;85.34;38.61
25.63;Morning;Weekday;3;Medium;Rain;4.22;1.30;0.26;85.95;59.89
12.38;Afternoon;Weekday;2;Medium;Rain;4.27;0.93;0.23;61.64;29.96
45.08;Afternoon;Weekend;2;High;Clear;3.82;0.57;;110.21;70.29
19.81;Morning;Weekday;3;Low;Rain;2.50;1.50;0.19;61.26;43.85
101.0397035;;Weekday;1;Low;Rain;4.39;1.79;;56.78;283.65
45.42;Evening;Weekend;3;Medium;Clear;4.16;0.74;0.47;27.93;50.90
31.59;Morning;;3;High;;2.26;1.72;0.42;40.38;73.55
6.73;Afternoon;Weekday;4;Low;Clear;3.39;1.78;0.47;9.87;20.01
47.05;Morning;Weekday;4;Low;Snow;2.52;1.87;0.49;77.86;128.65
31.76;Morning;Weekday;3;Low;Clear;3.01;0.90;0.10;33.58;34.95
17.41;Morning;Weekday;;Medium;Clear;2.05;1.86;;39.98;
7.82;Night;Weekend;2;Low;Rain;3.20;0.98;0.27;93.64;36.15
39.91;Evening;Weekday;4;Medium;Clear;3.65;1.33;0.44;42.63;75.49
31.38;Night;Weekday;4;High;Clear;3.86;0.58;0.20;32.85;28.63
27.14;Afternoon;Weekend;2;Medium;Clear;3.99;0.57;0.49;24.44;31.44
44.8;Morning;Weekend;1;Low;Clear;4.51;1.58;0.35;94.11;108.23
39.64;Afternoon;Weekday;4;Medium;Rain;2.65;1.17;0.42;19.92;57.40
8.43;Afternoon;Weekday;4;Low;Clear;2.36;0.88;0.13;57.18;
16.27;Evening;Weekday;1;High;Rain;4.55;0.79;0.17;;28.16
13.18;Morning;Weekday;4;Medium;Clear;2.47;1.50;0.40;84.05;55.86
37.45;Afternoon;Weekday;4;Low;Clear;4.92;0.50;0.11;77.83;32.21
2.64;Morning;Weekday;1;Medium;Snow;4.53;1.71;0.43;98.23;51.28
28.92;Afternoon;Weekend;1;Medium;Clear;3.50;0.62;0.11;10.15;22.55
38.36;Evening;Weekday;3;Medium;Clear;4.94;0.79;0.36;39.09;49.32
43.96;;Weekday;2;Low;Clear;2.29;1.08;0.25;37.22;59.07
17.76;Afternoon;Weekday;2;;Rain;2.91;;0.34;21.79;32.16
41.24;Afternoon;Weekday;1;High;Clear;3.91;1.03;0.38;38.26;60.93
;Afternoon;Weekday;1;Medium;Clear;3.05;0.98;0.24;;19.09
42.48;Evening;Weekday;4;High;Clear;4.79;1.95;0.14;65.02;96.73
7.25;;Weekend;3;Low;Clear;2.20;1.46;0.13;81.33;23.36
20.47;Night;Weekday;3;Medium;Rain;3.65;;0.34;48.83;31.31
;Evening;Weekday;1;Medium;Clear;3.77;1.15;0.31;87.74;77.05
8.35;Afternoon;Weekday;4;Medium;Clear;3.96;1.81;0.40;43.66;36.54
12.23;Afternoon;Weekday;4;Medium;Clear;2.77;0.95;0.30;38.38;25.90
36.39;Afternoon;Weekday;2;Low;;3.09;0.64;0.27;67.24;44.53
36.28;;Weekday;2;Low;Rain;4.53;1.64;;7.73;66.04
32.42;Evening;Weekday;4;Low;Clear;2.58;1.41;0.11;14.18;49.85
35;Morning;Weekday;2;Low;Snow;4.48;1.36;0.23;53.07;64.29
27.59;Night;Weekend;1;Medium;Clear;3.69;0.58;0.49;113.43;75.27
13.34;Afternoon;Weekend;4;Low;;4.29;0.71;0.45;87.97;53.35
17.94;Afternoon;;2;Low;Rain;4.14;1.43;;15.13;33.27
9.9;Afternoon;Weekend;3;Medium;Clear;2.62;0.81;0.34;102.33;45.43
45.51;Evening;Weekday;4;Medium;Rain;3.71;1.26;0.44;89.21;100.30
29.59;Afternoon;Weekend;4;High;Snow;4.60;1.32;0.28;75.26;64.73
20.64;Afternoon;;3;Medium;;3.30;0.93;0.11;99.33;33.42
23.64;Morning;Weekend;1;Low;Clear;4.90;1.92;0.13;51.47;
47.42;Afternoon;Weekend;3;High;Rain;3.36;;0.30;30.47;95.96
8.51;Morning;;4;Medium;Clear;2.43;1.58;0.49;63.88;47.18
29.73;Evening;Weekend;1;Low;Clear;3.17;;0.38;68.12;47.49
25.79;Afternoon;Weekday;2;Medium;Clear;4.86;0.66;0.13;66.91;30.58
30.96;Afternoon;Weekday;2;High;Clear;2.96;1.24;0.18;69.98;53.95
1.89;Morning;Weekday;2;Low;;4.60;0.74;0.41;114.10;52.78
43.73;Morning;Weekday;4;Low;Clear;4.64;1.97;0.44;108.76;138.64
;Evening;Weekday;;;Clear;3.05;0.74;0.35;105.71;74.58
108.1469938;Morning;Weekday;1;Low;Clear;2.25;;0.36;97.16;239.17
35.14;Morning;Weekend;2;Medium;Clear;4.17;1.05;0.11;113.49;53.55
46.2;Morning;;1;Medium;Clear;2.93;1.46;0.43;16.33;77.40
35.65;Night;Weekend;4;Low;Rain;4.35;0.69;0.42;35.49;43.85
8.47;Evening;Weekend;2;High;Clear;3.33;1.15;0.20;61.93;25.46
29.24;Afternoon;Weekend;4;Medium;Rain;3.46;0.91;0.38;;68.96
30.73;Morning;Weekend;3;Medium;Rain;4.33;1.83;0.19;63.09;72.55
21.78;Afternoon;Weekday;4;;Clear;3.15;0.56;0.12;91.02;26.27
37.09;Evening;Weekend;4;Low;Clear;3.33;1.87;0.18;;76.46
46.78;Afternoon;Weekend;3;Medium;Clear;3.13;1.75;0.17;34.03;90.78
46.35;Morning;Weekday;1;Medium;Clear;3.10;0.95;0.24;89.15;68.53
23.09;Morning;Weekday;3;High;Rain;3.58;1.68;;23.94;48.83
6.55;Morning;Weekend;3;Medium;Rain;4.43;0.55;0.30;45.41;21.66
49.26;Afternoon;Weekday;4;Low;Clear;3.09;1.95;0.29;35.46;109.43
42.11;Evening;Weekday;1;High;Clear;3.57;1.29;0.21;45.23;67.39
7.11;Morning;Weekday;2;Low;Rain;4.01;0.95;0.11;86.46;20.28
;Morning;Weekday;3;High;Snow;2.81;1.04;0.34;;66.86
43.62;Morning;Weekday;;High;Clear;2.83;0.60;0.26;68.86;46.91
26.42;Night;Weekend;3;Low;Clear;4.80;1.98;0.22;16.49;60.74
29.97;Morning;Weekday;3;Medium;Clear;4.17;0.56;0.45;97.58;64.86
20.55;Evening;Weekday;3;Low;Snow;3.73;1.48;0.40;47.54;53.16
3.68;Afternoon;Weekday;3;Medium;Clear;3.94;1.16;0.44;79.58;43.22
17.42;Afternoon;Weekday;4;Medium;Clear;2.09;1.92;0.30;88.42;62.06
40.34;Morning;Weekend;1;Medium;Clear;3.85;0.87;0.15;29.11;43.31
1.23;Morning;Weekday;1;;Clear;3.53;1.30;0.38;106.74;45.69
;Afternoon;Weekday;1;Medium;Clear;3.64;1.22;0.18;75.87;38.45
20.51;Evening;Weekday;3;Medium;Snow;3.08;1.55;0.28;54.30;50.07
27.33;Afternoon;Weekday;4;High;Clear;2.24;0.60;0.13;25.97;22.01
46.07;Afternoon;Weekend;3;High;Clear;2.58;0.79;0.43;113.36;87.72
17.97;Morning;Weekend;3;Low;Clear;4.85;0.82;0.15;91.83;33.36
18;Night;Weekday;1;;Clear;3.23;1.61;0.46;28.92;45.51
37.14;Evening;Weekday;3;Low;Clear;3.40;0.78;0.45;43.84;52.10
23.16;Morning;Weekday;2;High;Clear;2.16;1.36;;98.11;62.11
;Night;Weekday;3;Low;Clear;2.11;0.82;0.40;85.00;45.96
23.17;Afternoon;Weekday;2;Low;Clear;4.15;1.79;0.35;93.07;78.20
7.9;Afternoon;Weekday;3;Medium;Clear;3.61;1.91;0.42;55.74;42.11
9.64;Evening;;4;Medium;Clear;3.53;1.28;;87.39;39.46
25.42;Evening;Weekday;4;Low;Snow;2.73;1.03;0.41;49.45;49.19
126.5476283;Afternoon;Weekend;1;Low;;4.23;0.85;0.28;29.30;224.91
45.83;Morning;Weekend;3;Medium;Clear;2.50;0.57;0.48;;65.95
18.76;Afternoon;Weekday;2;High;Clear;2.57;0.90;0.29;117.24;53.45
29.45;Night;Weekend;;Low;Rain;3.38;1.48;0.29;40.72;
;Morning;Weekday;3;Low;Clear;2.86;1.30;0.41;58.01;68.22
1.64;;Weekday;2;Medium;Rain;2.74;1.92;0.43;82.51;41.37
33.51;Afternoon;Weekend;4;Low;Rain;3.94;1.09;0.32;67.27;61.99
9.72;Afternoon;Weekend;2;High;Clear;3.95;1.54;0.17;101.99;36.26
48.09;Afternoon;Weekend;1;High;Clear;4.47;1.23;0.29;92.60;90.47
8.28;Night;Weekday;4;Medium;Snow;3.25;1.27;0.49;11.70;19.50
;Morning;Weekday;4;Low;Clear;2.22;0.90;0.40;119.82;69.34
;Morning;Weekend;4;Medium;Clear;2.82;1.18;0.42;91.53;47.38
49.85;Morning;Weekday;3;Medium;Clear;4.94;1.21;0.11;104.35;76.74
25.61;Evening;;3;High;Clear;3.79;1.56;0.29;79.89;66.91
30.17;Afternoon;Weekday;4;Medium;Clear;4.13;1.91;0.36;103.47;99.00
4.29;Morning;;3;Medium;Rain;2.02;0.99;0.43;17.92;13.97
37.75;Evening;Weekday;2;Medium;Snow;3.55;0.56;0.12;44.99;30.09
11.29;Evening;Weekday;3;Medium;Clear;2.11;;0.44;105.79;62.66
45;Evening;Weekend;3;High;Clear;3.71;1.32;0.32;28.19;72.13
11.05;Night;Weekday;4;Medium;Clear;4.76;0.75;0.18;14.00;15.57
10.34;Morning;Weekday;1;Medium;Clear;4.91;1.64;;95.63;43.86
2.79;Evening;Weekday;1;Low;;3.62;1.98;0.21;101.08;30.37
24.13;Afternoon;Weekday;1;;Snow;3.37;1.92;0.31;23.71;57.05
28.68;Evening;Weekday;2;Medium;Rain;4.84;;0.12;103.25;40.17
4.22;Evening;Weekday;3;Low;Clear;4.02;1.81;0.16;83.98;25.10
39;Evening;Weekend;1;Low;Clear;2.19;1.56;0.43;64.81;90.90
23.21;Afternoon;Weekday;4;Medium;Clear;3.40;1.18;0.15;100.48;45.86
26.7;Morning;Weekend;1;Medium;Clear;2.72;1.31;0.19;53.21;47.81
22.6;Afternoon;Weekday;1;Medium;Clear;3.41;1.77;0.28;27.31;51.06
20.64;Night;Weekday;3;Low;Clear;3.37;1.22;0.31;37.76;40.26
28.42;Night;Weekday;3;Medium;Snow;3.75;1.06;0.41;63.09;59.74
8.61;Morning;Weekday;3;Low;Clear;3.07;1.24;0.28;66.10;32.25
9.91;Morning;Weekend;2;Medium;Clear;2.49;;0.42;97.64;57.08
43.23;Morning;Weekday;2;Low;Rain;3.51;0.78;0.35;96.01;70.83
47.36;Evening;Weekday;1;;Clear;;1.85;0.15;71.86;102.88
19.29;Evening;Weekend;3;Low;Clear;3.99;1.51;0.16;94.79;48.28
14.27;Morning;Weekend;1;Low;Clear;;1.45;0.27;27.05;
;Afternoon;;4;Low;Clear;4.81;0.65;0.26;10.76;28.77
21.03;Evening;Weekday;4;Low;;4.74;1.41;0.40;105.47;76.58
2.24;Evening;Weekend;3;Medium;Clear;2.63;0.68;0.33;13.69;8.67
8.65;Afternoon;Weekday;3;Medium;Rain;2.12;0.62;0.26;33.37;16.16
36.08;Afternoon;Weekday;4;Low;Clear;;1.29;0.17;84.96;65.21
33.29;Afternoon;Weekday;3;High;Clear;4.48;1.10;0.19;52.09;51.00
2.33;Morning;Weekday;2;Low;Rain;;1.38;0.33;105.78;43.02
11.88;Afternoon;Weekday;2;Medium;Clear;4.67;0.63;0.27;39.27;22.76
12.32;Afternoon;Weekday;3;Low;Clear;3.80;1.15;0.31;6.37;19.94
33.92;Evening;Weekend;4;Low;Clear;3.59;0.76;0.17;39.58;36.10
1.97;Afternoon;Weekday;1;Medium;Clear;2.08;1.98;0.37;71.48;32.43
6.1;Evening;Weekday;3;Medium;Clear;2.74;1.34;;48.23;32.14
40.2;Morning;Weekday;3;High;Clear;3.38;1.53;0.20;66.51;78.19
9.75;Afternoon;Weekend;1;Medium;Clear;3.89;0.99;0.30;105.81;45.29
32.98;Morning;Weekday;3;High;Clear;3.67;0.64;0.49;109.94;78.65
12.67;Morning;Weekday;1;Low;Snow;;1.96;0.23;35.59;37.25
5.87;Evening;Weekend;4;Low;Clear;2.84;0.93;0.34;58.15;28.07
12.92;Night;Weekend;2;Low;Rain;3.69;1.14;0.14;;
36.39;Morning;Weekday;4;Low;Clear;2.26;1.47;0.34;114.15;94.56
42.93;Afternoon;Weekday;2;Medium;Clear;3.24;0.54;0.14;119.84;43.20
41.68;Evening;;1;Medium;Rain;4.25;1.72;0.48;32.07;
20.46;Morning;;;Low;Clear;4.08;1.30;0.39;88.60;65.23
33.74;Afternoon;Weekday;4;High;Rain;4.97;0.92;0.42;48.47;56.37
11.04;Evening;Weekend;2;High;Clear;2.83;0.59;0.38;5.93;11.60
15.36;Afternoon;Weekday;1;Low;Clear;3.49;0.74;0.34;6.06;16.92
44.92;Morning;Weekday;2;Low;Clear;2.99;1.84;0.28;57.97;101.87
1.64;Afternoon;Weekday;3;Low;Clear;3.32;1.53;0.44;61.16;32.74
5.19;Evening;Weekday;4;Low;Rain;4.57;0.87;0.48;7.60;12.73
11.19;;Weekday;3;Low;Clear;4.05;0.60;0.30;84.00;35.96
2.3;Morning;Weekend;1;Medium;Snow;;1.54;0.47;38.81;26.43
9.89;Evening;Weekday;2;Low;Snow;2.61;1.36;0.33;69.39;38.96
29.57;;Weekday;3;Low;Clear;4.62;1.11;0.32;39.61;50.12
21.65;Evening;Weekday;3;High;Clear;2.18;1.05;;24.22;31.69
44.74;Morning;;;Medium;Rain;4.67;0.83;0.18;51.82;51.13
41.05;Night;;2;High;Snow;2.99;1.50;0.10;31.71;67.74
17.75;Afternoon;Weekday;4;Low;Clear;;1.96;0.20;66.50;51.03
13.71;Afternoon;Weekday;3;Low;Clear;3.54;0.76;0.30;27.87;22.32
19.6;Morning;Weekday;3;Medium;Clear;4.82;1.40;;63.47;48.13
29.92;Afternoon;Weekday;1;Low;Clear;2.14;1.14;0.28;23.10;
14.14;Evening;Weekday;4;Low;Clear;3.06;;0.49;82.16;59.86
31.58;Night;Weekend;1;Medium;Rain;4.57;0.88;0.24;91.70;54.37
21.06;Afternoon;Weekend;3;Medium;Clear;3.19;1.74;0.28;17.70;44.79
28.05;Afternoon;Weekday;1;Medium;Clear;2.60;1.23;0.15;58.80;45.92
22.37;Evening;Weekday;3;Medium;Clear;3.27;1.32;0.12;13.15;34.38
15.43;Evening;Weekend;3;Medium;Clear;3.16;0.96;0.41;73.79;48.23
47.47;Afternoon;Weekend;1;Low;;4.75;;0.33;35.41;52.99
38.42;Afternoon;Weekday;1;Low;Clear;4.29;0.63;0.40;65.68;54.77
7.87;Afternoon;Weekday;2;Low;Clear;3.52;1.57;0.16;64.51;26.20
43.55;Afternoon;Weekday;2;Low;;4.97;0.79;0.33;111.30;
24.88;Morning;Weekend;2;High;Clear;3.40;1.54;0.20;68.14;55.34
44.83;Afternoon;Weekend;3;Medium;Snow;2.17;1.09;0.19;72.04;64.72
40.19;Afternoon;Weekday;1;Medium;Clear;2.79;1.12;0.10;51.19;52.92
21.84;Evening;Weekday;4;Low;Clear;3.31;1.20;0.15;114.14;46.64
2.1;Morning;Weekend;3;Low;Clear;;1.05;0.22;94.38;25.44
14.17;Afternoon;Weekend;4;Low;Snow;4.84;0.65;0.15;37.82;19.72
27.54;Afternoon;Weekend;1;Low;Clear;4.30;0.96;0.49;102.08;80.76
32.04;Afternoon;Weekend;3;Low;Clear;;1.50;0.22;54.73;62.90
13.64;Morning;Weekday;4;Medium;Rain;3.77;1.50;0.15;100.30;39.28
7.83;Afternoon;Weekday;4;Medium;Clear;4.16;0.93;0.18;99.63;29.38
41.91;Afternoon;Weekday;2;Medium;Clear;4.82;1.19;0.34;26.72;63.78
49.24;Afternoon;Weekday;2;Medium;Clear;4.64;0.79;0.13;85.63;54.67
26.76;Afternoon;Weekday;2;High;Clear;3.55;0.82;0.44;38.42;42.40
9.41;;Weekend;3;Low;Clear;4.32;0.53;0.48;39.21;28.13
14.34;Evening;Weekday;1;Low;Rain;3.69;1.85;;;38.04
1.9;Morning;Weekend;1;Low;Clear;3.66;0.82;0.28;88.44;29.98
45.8;Evening;Weekday;2;Medium;Rain;;0.84;0.11;31.43;
6.77;Afternoon;Weekend;2;High;Clear;2.38;0.92;0.36;5.10;10.44
;Morning;Weekday;2;Low;Rain;3.59;0.69;0.27;87.25;47.33
14.43;Morning;Weekday;4;High;Clear;2.81;1.46;0.21;24.69;29.06
28.15;Afternoon;Weekday;2;High;Clear;2.06;0.61;0.18;17.02;22.30
32.92;Evening;Weekday;4;Low;Clear;4.17;0.70;0.36;32.31;38.85
;Evening;Weekend;1;Low;Snow;2.10;1.47;0.27;48.69;76.49
11.11;Evening;Weekend;3;Medium;Clear;3.79;1.01;0.17;59.73;25.17
1.54;Afternoon;Weekday;3;High;Clear;3.62;1.56;0.38;10.13;9.87
7.71;Afternoon;Weekday;3;Low;Clear;4.91;;0.33;116.62;53.73
45.1;Morning;Weekday;3;Medium;Clear;;0.88;0.44;87.35;81.57
43.82;Afternoon;Weekday;4;Low;Clear;2.19;1.48;0.15;42.17;73.37
30.27;Afternoon;Weekend;4;Medium;Clear;3.66;0.67;0.41;41.65;41.02
30.43;Morning;Weekend;2;Medium;Clear;4.52;1.30;0.37;56.58;65.01
33.59;Morning;Weekday;4;Medium;Clear;4.99;1.16;0.15;77.02;55.51
9.59;Afternoon;Weekend;2;High;Clear;3.29;0.90;0.38;21.83;20.22
45.81;Evening;Weekday;2;High;Clear;;1.41;0.28;26.73;75.04
21.52;Night;Weekend;3;High;Rain;4.72;1.81;0.48;103.83;93.51
19.77;Night;Weekday;4;Low;Clear;2.57;2.00;0.16;34.47;47.63
26.43;Afternoon;Weekend;4;Medium;Clear;3.85;1.41;0.36;48.72;58.66
3.3;Afternoon;Weekend;2;Low;Clear;3.22;1.11;0.25;105.20;33.18
9.15;Afternoon;Weekday;2;Medium;Snow;2.12;0.84;0.48;81.26;48.81
37.16;Evening;Weekend;1;Medium;Snow;3.04;0.89;0.23;44.30;46.30
5.06;Morning;Weekday;1;Medium;;2.80;1.22;0.48;83.63;49.12
;Afternoon;Weekday;2;Medium;Clear;4.06;1.05;0.46;7.26;39.48
13.02;Evening;Weekday;1;High;Clear;4.85;1.87;;89.60;48.01
20.08;Afternoon;Weekend;1;Low;Clear;2.80;1.05;0.42;;49.51
15.15;Afternoon;Weekend;2;;Clear;4.43;1.06;0.50;98.52;69.75
18.43;Afternoon;Weekend;2;Low;Clear;2.17;1.08;0.20;114.78;45.03
36.23;Morning;Weekend;4;;Rain;3.61;;0.27;;97.11
15.56;Afternoon;Weekday;2;;Rain;2.21;1.48;;109.57;59.21
28.75;Afternoon;Weekend;2;High;Rain;4.80;1.42;0.22;63.90;59.68
24.33;Morning;Weekday;3;High;Clear;4.30;1.00;0.11;46.42;33.74
;Morning;Weekday;4;High;Clear;3.97;1.73;0.19;58.48;73.07
46.9;Evening;Weekday;4;High;Clear;4.47;0.56;0.21;84.34;48.45
36.9;Morning;Weekend;4;Low;Clear;3.94;1.81;0.28;106.66;100.59
11.53;Afternoon;Weekend;3;Low;Rain;4.91;1.27;0.17;;24.45
2.53;Morning;Weekday;2;Medium;Clear;4.14;1.10;0.45;110.59;56.69
13.85;Night;Weekday;4;Medium;Clear;4.77;1.25;0.38;98.75;59.61
30.16;Morning;Weekend;4;Medium;Clear;3.55;1.50;0.13;117.57;
3.52;Afternoon;Weekday;;Low;Clear;2.35;;0.36;106.23;42.42
25.32;Evening;Weekend;4;Medium;Rain;3.58;1.81;0.36;37.19;62.80
30.25;Evening;Weekend;2;Medium;Clear;2.38;1.17;0.48;17.18;46.02
17.38;Morning;Weekday;2;Low;Rain;3.78;1.01;0.10;17.91;23.12
38.77;Evening;Weekday;1;Medium;Clear;3.45;0.71;0.20;38.49;38.67
6.22;Afternoon;Weekend;4;Medium;Clear;3.87;1.16;0.47;75.63;46.63
4.68;Afternoon;Weekend;4;Medium;Rain;2.03;1.24;0.47;97.50;53.66
36.68;Morning;Weekday;4;Low;Clear;2.58;1.11;0.39;108.41;85.57
25.28;Morning;Weekend;3;Medium;Snow;3.47;1.52;;76.73;73.35
34.73;Evening;Weekday;4;Low;Clear;4.85;1.13;0.14;5.65;44.89
22.31;Afternoon;Weekday;2;Low;Clear;3.15;1.94;0.31;26.43;54.62
13.07;;Weekend;2;Medium;Clear;3.27;1.40;0.19;16.47;24.70
41.14;Evening;Weekend;3;Medium;Rain;4.14;1.71;0.17;46.78;82.44
40.17;Evening;Weekday;3;Low;Clear;3.81;0.66;0.42;62.66;56.64
35.04;Morning;Weekend;4;Medium;Rain;2.90;1.10;0.15;9.99;
14.34;Afternoon;Weekday;1;Medium;Clear;3.23;1.01;0.29;45.07;30.78
;Morning;Weekday;3;Medium;Clear;2.65;1.35;;25.61;55.33
18.69;Evening;Weekday;3;Medium;Clear;4.90;1.79;0.17;79.41;51.85
5.49;Afternoon;Weekend;4;Medium;Clear;2.39;0.62;0.49;58.39;34.40
45.95;Night;Weekday;4;Medium;Clear;3.12;0.61;;61.96;62.13
7.7;Morning;Weekday;3;Low;Rain;2.08;1.78;;54.18;33.12
47.56;Morning;Weekday;1;Low;Clear;2.67;0.82;0.17;114.94;61.21
22.85;Morning;Weekend;3;Medium;Clear;4.34;;0.23;29.69;45.44
